{"cameraMode":{"drawMode":0,"name":"Shaded","section":"Shading Mode"},"sceneLighting":true,"audioPlay":false,"sceneViewState":{"showFog":true,"showMaterialUpdate":false,"showSkybox":true,"showFlares":true,"showImageEffects":true,"showParticleSystems":true},"in2DMode":false,"pivot":{"x":-0.18012738227844239,"y":1.3888921737670899,"z":12.264254570007325},"rotation":{"x":0.11671795696020127,"y":0.016385847702622415,"z":-0.0019290237687528134,"w":0.993036150932312},"size":11.726126670837403,"orthographic":false}